recordId,DummyFirstName,DummyLastName,DummyDOB,MemberID
52743839_44976074,Justin,Anderson,08/29/1954,A9000603900
52743997_45500291,Nicole,Benjamin,12/17/1965,A9000612700
52744171_44423942,David,Gonzalez,03/25/1968,A9000625600
52744347_47966165,Samuel,Rodriguez,04/27/1948,A9000634800
52744512_45110328,Emily,Martinez,09/14/1959,A9000642100
52744688_46221019,Michael,Thompson,01/03/1943,A9000650800
52744855_47001982,Ashley,White,11/22/1971,A9000663400
52745021_43881105,Christopher,Harris,06/08/1952,A9000671700
52745190_44990233,Jessica,Clark,02/19/1960,A9000680200
52745366_45557841,Matthew,Lewis,07/31/1947,A9000695500
52745533_46120477,Amanda,Walker,10/05/1963,A9000701100
52745701_47233918,Joshua,Hall,05/12/1956,A9000712800
52745877_48001452,Stephanie,Allen,12/01/1949,A9000724300
52746044_44112890,Andrew,Young,03/18/1974,A9000730900
52746218_45330761,Melissa,King,08/27/1958,A9000746600
52746385_46441903,Daniel,Wright,04/09/1945,A9000753200
52746551_47550127,Laura,Scott,09/30/1967,A9000761800
52746720_43669048,Ryan,Green,01/21/1951,A9000770400
52746896_44781265,Heather,Baker,06/14/1962,A9000787100
52747063_45892381,Kevin,Adams,11/08/1944,A9000793700
52747230_46903499,Rachel,Nelson,02/25/1970,A9000801500
52747405_48014512,Brian,Carter,07/16/1953,A9000818200
52747572_44125638,Samantha,Mitchell,12/29/1966,A9000824900
52747740_45236754,Jason,Perez,05/04/1946,A9000831600
52747915_46347870,Megan,Roberts,10/11/1957,A9000847300
52748082_47458986,Timothy,Turner,03/07/1969,A9000854000
52748250_43569012,Christina,Anderson Luis,08/22/1950,A9000860700
52748425_44670128,Eric,Phillips,01/15/1964,A9000877400
52748592_45781244,Angela,Campbell,06/28/1942,A9000884100
52748760_46892360,Patrick,Parker,11/03/1972,A9000890800
52748935_47903476,Rebecca,Evans,04/20/1955,A9000906500
52749102_44014592,Jeffrey,Edwards,09/09/1961,A9000913200
52749270_45125708,Michelle,Collins,02/14/1948,A9000929900
52749445_46236824,Steven,Stewart,07/07/1973,A9000935600
52749612_47347940,Kimberly,Sanchez,12/18/1954,A9000942300
53688890_250126_0933,Sample,Patient,01/15/1955,A9000950000
demo_chart_240315_1012,Gonzalez,Stephen,09/03/1942,MEM-DEMO-240315
